model,accuracy,precision,recall,f1,cv_mean,cv_std,confusion_matrix
Logistic Regression,0.9807692307692307,0.9629629629629629,1.0,0.9811320754716981,0.9800000000000001,0.039999999999999994,"[[25, 1], [0, 26]]"
Random Forest,0.9615384615384616,0.9285714285714286,1.0,0.9629629629629629,0.96,0.04898979485566355,"[[24, 2], [0, 26]]"
SVM (RBF),0.9807692307692307,0.9629629629629629,1.0,0.9811320754716981,0.9800000000000001,0.039999999999999994,"[[25, 1], [0, 26]]"
