model,accuracy,precision,recall,f1,cv_mean,cv_std,confusion_matrix
Logistic Regression,0.92,0.9315068493150684,0.9066666666666666,0.918918918918919,0.9199999999999999,0.04988876515698587,"[[70, 5], [7, 68]]"
Random Forest,0.9333333333333333,0.922077922077922,0.9466666666666667,0.9342105263157895,0.9333333333333333,0.04216370213557838,"[[69, 6], [4, 71]]"
SVM (RBF),0.9733333333333334,0.961038961038961,0.9866666666666667,0.9736842105263158,0.9733333333333333,0.038873012632301994,"[[72, 3], [1, 74]]"
